$id,$permissions,$createdAt,$updatedAt,org_id,user_id,event_key,points,ref_table,ref_id,created_at
69858864003bdbd0633a,"[""read(\""user:697d1466001d26b71d4e\"")"",""update(\""user:697d1466001d26b71d4e\"")"",""delete(\""user:697d1466001d26b71d4e\"")""]",2026-02-06T06:21:25.472+00:00,2026-02-06T06:21:25.472+00:00,697d14670000c97d9933,697d1466001d26b71d4e,CREATE_EXPENSE,10,transactions,6985885f0036e60f86cb,2026-02-06T06:21:24.957+00:00
69859d200031538c955d,"[""read(\""user:69859ad5002c0c84408d\"")"",""update(\""user:69859ad5002c0c84408d\"")"",""delete(\""user:69859ad5002c0c84408d\"")""]",2026-02-06T07:49:53.094+00:00,2026-02-06T07:49:53.094+00:00,69858ad4001df83d4aee,69859ad5002c0c84408d,CREATE_CATEGORY,15,categories,69859d1b002a5bd9e3b3,2026-02-06T07:49:52.788+00:00
6985a13a000fd94ff740,"[""read(\""user:69859ad5002c0c84408d\"")"",""update(\""user:69859ad5002c0c84408d\"")"",""delete(\""user:69859ad5002c0c84408d\"")""]",2026-02-06T08:07:22.515+00:00,2026-02-06T08:07:22.515+00:00,69858ad4001df83d4aee,69859ad5002c0c84408d,CREATE_CATEGORY,15,categories,6985a139000e892a8101,2026-02-06T08:07:22.253+00:00
6985a13b001a9eb649fe,"[""read(\""user:69859ad5002c0c84408d\"")"",""update(\""user:69859ad5002c0c84408d\"")"",""delete(\""user:69859ad5002c0c84408d\"")""]",2026-02-06T08:07:23.580+00:00,2026-02-06T08:07:23.580+00:00,69858ad4001df83d4aee,69859ad5002c0c84408d,CREATE_CATEGORY,15,categories,6985a13a002679a7e065,2026-02-06T08:07:23.425+00:00
6985a14b001ef7dd09f3,"[""read(\""user:69859ad5002c0c84408d\"")"",""update(\""user:69859ad5002c0c84408d\"")"",""delete(\""user:69859ad5002c0c84408d\"")""]",2026-02-06T08:07:39.655+00:00,2026-02-06T08:07:39.655+00:00,69858ad4001df83d4aee,69859ad5002c0c84408d,CREATE_CATEGORY,15,categories,6985a14a0013aebf8aaa,2026-02-06T08:07:39.494+00:00
6985a185000a6a62c62e,"[""read(\""user:69859ad5002c0c84408d\"")"",""update(\""user:69859ad5002c0c84408d\"")"",""delete(\""user:69859ad5002c0c84408d\"")""]",2026-02-06T08:08:37.424+00:00,2026-02-06T08:08:37.424+00:00,69858ad4001df83d4aee,69859ad5002c0c84408d,LESSON_COMPLETED,50,user_lesson_progress,1,2026-02-06T08:08:37.166+00:00
6985a6a0000326934936,"[""read(\""user:69859ad5002c0c84408d\"")"",""update(\""user:69859ad5002c0c84408d\"")"",""delete(\""user:69859ad5002c0c84408d\"")""]",2026-02-06T08:30:24.263+00:00,2026-02-06T08:30:24.263+00:00,69858ad4001df83d4aee,69859ad5002c0c84408d,CREATE_EXPENSE,10,transactions,6985a69a001dc28af7f4,2026-02-06T08:30:24.050+00:00
6985a6a1003c83020b13,"[""read(\""user:69859ad5002c0c84408d\"")"",""update(\""user:69859ad5002c0c84408d\"")"",""delete(\""user:69859ad5002c0c84408d\"")""]",2026-02-06T08:30:26.077+00:00,2026-02-06T08:30:26.077+00:00,69858ad4001df83d4aee,69859ad5002c0c84408d,CRITICAL_DAY_LOGGED,15,pilot_critical_day,2026-02-06,2026-02-06T08:30:25.968+00:00
6985a77100326c748d10,"[""read(\""user:69859ad5002c0c84408d\"")"",""update(\""user:69859ad5002c0c84408d\"")"",""delete(\""user:69859ad5002c0c84408d\"")""]",2026-02-06T08:33:53.916+00:00,2026-02-06T08:33:53.916+00:00,69858ad4001df83d4aee,69859ad5002c0c84408d,CREATE_EXPENSE,10,transactions,6985a770003c56485646,2026-02-06T08:33:53.806+00:00
69866bda003c87a97822,"[""read(\""user:698664a80001ecb7e01b\"")"",""update(\""user:698664a80001ecb7e01b\"")"",""delete(\""user:698664a80001ecb7e01b\"")""]",2026-02-06T22:31:55.382+00:00,2026-02-06T22:31:55.382+00:00,69856d49001238acbf3e,698664a80001ecb7e01b,LESSON_COMPLETED,50,user_lesson_progress,1,2026-02-06T22:31:54.968+00:00
69866be40036589fc35d,"[""read(\""user:698664a30026681c2b05\"")"",""update(\""user:698664a30026681c2b05\"")"",""delete(\""user:698664a30026681c2b05\"")""]",2026-02-06T22:32:05.196+00:00,2026-02-06T22:32:05.196+00:00,69856d49001238acbf3e,698664a30026681c2b05,LESSON_COMPLETED,50,user_lesson_progress,1,2026-02-06T22:32:04.869+00:00
69866be500304f8c16d4,"[""read(\""user:698665b000366a87a2f0\"")"",""update(\""user:698665b000366a87a2f0\"")"",""delete(\""user:698665b000366a87a2f0\"")""]",2026-02-06T22:32:06.143+00:00,2026-02-06T22:32:06.143+00:00,69856d49001238acbf3e,698665b000366a87a2f0,LESSON_COMPLETED,50,user_lesson_progress,1,2026-02-06T22:32:05.772+00:00
69866c15001187625cd5,"[""read(\""user:69866490001ebcf9b432\"")"",""update(\""user:69866490001ebcf9b432\"")"",""delete(\""user:69866490001ebcf9b432\"")""]",2026-02-06T22:32:53.623+00:00,2026-02-06T22:32:53.623+00:00,69856d49001238acbf3e,69866490001ebcf9b432,LESSON_COMPLETED,50,user_lesson_progress,1,2026-02-06T22:32:53.280+00:00
69866d3f00336d4a4271,"[""read(\""user:69859ad5002c0c84408d\"")"",""update(\""user:69859ad5002c0c84408d\"")"",""delete(\""user:69859ad5002c0c84408d\"")""]",2026-02-06T22:37:52.031+00:00,2026-02-06T22:37:52.031+00:00,69858ad4001df83d4aee,69859ad5002c0c84408d,CREATE_BUDGET,20,budgets,69866d3d001e5c7eb8c5,2026-02-06T22:37:51.821+00:00
69866d5c003c1298fb52,"[""read(\""user:69859ad5002c0c84408d\"")"",""update(\""user:69859ad5002c0c84408d\"")"",""delete(\""user:69859ad5002c0c84408d\"")""]",2026-02-06T22:38:20.969+00:00,2026-02-06T22:38:20.969+00:00,69858ad4001df83d4aee,69859ad5002c0c84408d,CREATE_EXPENSE,10,transactions,69866d5b0009ed17ed6f,2026-02-06T22:38:20.961+00:00
69866e98002454051d2a,"[""read(\""user:69859ad5002c0c84408d\"")"",""update(\""user:69859ad5002c0c84408d\"")"",""delete(\""user:69859ad5002c0c84408d\"")""]",2026-02-06T22:43:36.588+00:00,2026-02-06T22:43:36.588+00:00,69858ad4001df83d4aee,69859ad5002c0c84408d,CREATE_EXPENSE,10,transactions,69866e96003686b6a8fa,2026-02-06T22:43:36.580+00:00
69866f2a003d6f0b328c,"[""read(\""user:6986628c0038f1ae4224\"")"",""update(\""user:6986628c0038f1ae4224\"")"",""delete(\""user:6986628c0038f1ae4224\"")""]",2026-02-06T22:46:03.335+00:00,2026-02-06T22:46:03.335+00:00,69856d49001238acbf3e,6986628c0038f1ae4224,CREATE_EXPENSE,10,transactions,69866f280037376a65a2,2026-02-06T22:46:02.982+00:00
69866f2e0003775a9dbd,"[""read(\""user:6986628c0038f1ae4224\"")"",""update(\""user:6986628c0038f1ae4224\"")"",""delete(\""user:6986628c0038f1ae4224\"")""]",2026-02-06T22:46:06.197+00:00,2026-02-06T22:46:06.197+00:00,69856d49001238acbf3e,6986628c0038f1ae4224,CRITICAL_DAY_LOGGED,15,pilot_critical_day,2026-02-06,2026-02-06T22:46:06.055+00:00
6986734b000e02fc27c9,"[""read(\""user:69867155001df82b6736\"")"",""update(\""user:69867155001df82b6736\"")"",""delete(\""user:69867155001df82b6736\"")""]",2026-02-06T23:03:40.172+00:00,2026-02-06T23:03:40.172+00:00,69856d49001238acbf3e,69867155001df82b6736,LESSON_COMPLETED,50,user_lesson_progress,1,2026-02-06T23:03:39.224+00:00
69879442002da2c3ec84,"[""read(\""user:698664a30026681c2b05\"")"",""update(\""user:698664a30026681c2b05\"")"",""delete(\""user:698664a30026681c2b05\"")""]",2026-02-07T19:36:35.070+00:00,2026-02-07T19:36:35.070+00:00,69856d49001238acbf3e,698664a30026681c2b05,RECOMMENDATION_FOLLOWED,25,pilot_followed,2026-02-06,2026-02-07T19:36:34.730+00:00
6987d0c0003040eb6de9,"[""read(\""user:69859ad5002c0c84408d\"")"",""update(\""user:69859ad5002c0c84408d\"")"",""delete(\""user:69859ad5002c0c84408d\"")""]",2026-02-07T23:54:40.952+00:00,2026-02-07T23:54:40.952+00:00,69858ad4001df83d4aee,69859ad5002c0c84408d,RECOMMENDATION_FOLLOWED,25,pilot_followed,2026-02-06,2026-02-07T23:54:40.772+00:00
6988e3f400087c63be0a,"[""read(\""user:69859ad5002c0c84408d\"")"",""update(\""user:69859ad5002c0c84408d\"")"",""delete(\""user:69859ad5002c0c84408d\"")""]",2026-02-08T19:28:52.211+00:00,2026-02-08T19:28:52.211+00:00,69858ad4001df83d4aee,69859ad5002c0c84408d,RECOMMENDATION_FOLLOWED,25,pilot_followed,2026-02-07,2026-02-08T19:28:52.135+00:00
6988e3f4001b53704644,"[""read(\""user:69859ad5002c0c84408d\"")"",""update(\""user:69859ad5002c0c84408d\"")"",""delete(\""user:69859ad5002c0c84408d\"")""]",2026-02-08T19:28:52.257+00:00,2026-02-08T19:28:52.257+00:00,69858ad4001df83d4aee,69859ad5002c0c84408d,RECOMMENDATION_FOLLOWED,25,pilot_followed,2026-02-07,2026-02-08T19:28:52.437+00:00
698954460026b7e5e6e5,"[""read(\""user:698664a30026681c2b05\"")"",""update(\""user:698664a30026681c2b05\"")"",""delete(\""user:698664a30026681c2b05\"")""]",2026-02-09T03:28:06.951+00:00,2026-02-09T03:28:06.951+00:00,69856d49001238acbf3e,698664a30026681c2b05,RECOMMENDATION_FOLLOWED,25,pilot_followed,2026-02-07,2026-02-09T03:28:06.619+00:00
6989ed050018fa6bdd4e,"[""read(\""user:698664a80001ecb7e01b\"")"",""update(\""user:698664a80001ecb7e01b\"")"",""delete(\""user:698664a80001ecb7e01b\"")""]",2026-02-09T14:19:49.712+00:00,2026-02-09T14:19:49.712+00:00,69856d49001238acbf3e,698664a80001ecb7e01b,LESSON_COMPLETED,50,user_lesson_progress,2,2026-02-09T14:19:49.399+00:00
698a57dd00176f32677b,"[""read(\""user:698664a30026681c2b05\"")"",""update(\""user:698664a30026681c2b05\"")"",""delete(\""user:698664a30026681c2b05\"")""]",2026-02-09T21:55:41.704+00:00,2026-02-09T21:55:41.704+00:00,69856d49001238acbf3e,698664a30026681c2b05,RECOMMENDATION_FOLLOWED,25,pilot_followed,2026-02-08,2026-02-09T21:55:41.374+00:00
698a58380034a2e3edf2,"[""read(\""user:698664a30026681c2b05\"")"",""update(\""user:698664a30026681c2b05\"")"",""delete(\""user:698664a30026681c2b05\"")""]",2026-02-09T21:57:12.997+00:00,2026-02-09T21:57:12.997+00:00,69856d49001238acbf3e,698664a30026681c2b05,CREATE_EXPENSE,10,transactions,698a58370012686bbbc0,2026-02-09T21:57:12.842+00:00
698a58db0008a468367e,"[""read(\""user:698664a80001ecb7e01b\"")"",""update(\""user:698664a80001ecb7e01b\"")"",""delete(\""user:698664a80001ecb7e01b\"")""]",2026-02-09T21:59:55.494+00:00,2026-02-09T21:59:55.494+00:00,69856d49001238acbf3e,698664a80001ecb7e01b,CREATE_ACCOUNT,15,accounts,698a58d8001ce733833d,2026-02-09T21:59:55.138+00:00
698a5948000484a92721,"[""read(\""user:69866490001ebcf9b432\"")"",""update(\""user:69866490001ebcf9b432\"")"",""delete(\""user:69866490001ebcf9b432\"")""]",2026-02-09T22:01:44.486+00:00,2026-02-09T22:01:44.486+00:00,69856d49001238acbf3e,69866490001ebcf9b432,CREATE_ACCOUNT,15,accounts,698a59450033ef06d55d,2026-02-09T22:01:44.072+00:00
698a59f6003463edd3ad,"[""read(\""user:698664a8000e309b357f\"")"",""update(\""user:698664a8000e309b357f\"")"",""delete(\""user:698664a8000e309b357f\"")""]",2026-02-09T22:04:39.154+00:00,2026-02-09T22:04:39.154+00:00,69856d49001238acbf3e,698664a8000e309b357f,RECOMMENDATION_FOLLOWED,25,pilot_followed,2026-02-08,2026-02-09T22:04:38.838+00:00
698a5a71000e73704aca,"[""read(\""user:698664a8000e309b357f\"")"",""update(\""user:698664a8000e309b357f\"")"",""delete(\""user:698664a8000e309b357f\"")""]",2026-02-09T22:06:41.566+00:00,2026-02-09T22:06:41.566+00:00,69856d49001238acbf3e,698664a8000e309b357f,LESSON_COMPLETED,50,user_lesson_progress,2,2026-02-09T22:06:41.231+00:00
698a5b4f000d83ff2319,"[""read(\""user:698664a30026681c2b05\"")"",""update(\""user:698664a30026681c2b05\"")"",""delete(\""user:698664a30026681c2b05\"")""]",2026-02-09T22:10:23.610+00:00,2026-02-09T22:10:23.610+00:00,69856d49001238acbf3e,698664a30026681c2b05,LESSON_COMPLETED,50,user_lesson_progress,2,2026-02-09T22:10:23.216+00:00
698a5b5900008b307f4f,"[""read(\""user:69859ad5002c0c84408d\"")"",""update(\""user:69859ad5002c0c84408d\"")"",""delete(\""user:69859ad5002c0c84408d\"")""]",2026-02-09T22:10:32.929+00:00,2026-02-09T22:10:32.929+00:00,69858ad4001df83d4aee,69859ad5002c0c84408d,RECOMMENDATION_FOLLOWED,25,pilot_followed,2026-02-08,2026-02-09T22:10:33.008+00:00
698a5cda00063dddbd3e,"[""read(\""user:69866490001ebcf9b432\"")"",""update(\""user:69866490001ebcf9b432\"")"",""delete(\""user:69866490001ebcf9b432\"")""]",2026-02-09T22:16:58.436+00:00,2026-02-09T22:16:58.436+00:00,69856d49001238acbf3e,69866490001ebcf9b432,CREATE_EXPENSE,10,transactions,698a5cd800156d8ed072,2026-02-09T22:16:58.099+00:00
698a5cdc0034bd454d80,"[""read(\""user:69866490001ebcf9b432\"")"",""update(\""user:69866490001ebcf9b432\"")"",""delete(\""user:69866490001ebcf9b432\"")""]",2026-02-09T22:17:00.991+00:00,2026-02-09T22:17:00.991+00:00,69856d49001238acbf3e,69866490001ebcf9b432,CRITICAL_DAY_LOGGED,15,pilot_critical_day,2026-02-09,2026-02-09T22:17:00.842+00:00
698a61c9000d8de4aa34,"[""read(\""user:698665b000366a87a2f0\"")"",""update(\""user:698665b000366a87a2f0\"")"",""delete(\""user:698665b000366a87a2f0\"")""]",2026-02-09T22:38:01.648+00:00,2026-02-09T22:38:01.648+00:00,69856d49001238acbf3e,698665b000366a87a2f0,LESSON_COMPLETED,50,user_lesson_progress,2,2026-02-09T22:38:01.216+00:00
698a86450006f880003a,"[""read(\""user:698664a30026681c2b05\"")"",""update(\""user:698664a30026681c2b05\"")"",""delete(\""user:698664a30026681c2b05\"")""]",2026-02-10T01:13:41.428+00:00,2026-02-10T01:13:41.428+00:00,69856d49001238acbf3e,698664a30026681c2b05,CREATE_CATEGORY,15,categories,698a863f0019461b6fd7,2026-02-10T01:13:41.111+00:00
698a86450036813aa887,"[""read(\""user:698664a30026681c2b05\"")"",""update(\""user:698664a30026681c2b05\"")"",""delete(\""user:698664a30026681c2b05\"")""]",2026-02-10T01:13:42.037+00:00,2026-02-10T01:13:42.037+00:00,69856d49001238acbf3e,698664a30026681c2b05,CREATE_CATEGORY,15,categories,698a8644002a4dd999db,2026-02-10T01:13:41.872+00:00
698a865b003ac6d9f365,"[""read(\""user:698664a30026681c2b05\"")"",""update(\""user:698664a30026681c2b05\"")"",""delete(\""user:698664a30026681c2b05\"")""]",2026-02-10T01:14:04.102+00:00,2026-02-10T01:14:04.102+00:00,69856d49001238acbf3e,698664a30026681c2b05,CREATE_EXPENSE,10,transactions,698a865a001a5e008f38,2026-02-10T01:14:03.939+00:00
698a865d003567ab56bc,"[""read(\""user:698664a30026681c2b05\"")"",""update(\""user:698664a30026681c2b05\"")"",""delete(\""user:698664a30026681c2b05\"")""]",2026-02-10T01:14:05.998+00:00,2026-02-10T01:14:05.998+00:00,69856d49001238acbf3e,698664a30026681c2b05,CRITICAL_DAY_LOGGED,15,pilot_critical_day,2026-02-09,2026-02-10T01:14:05.854+00:00
698a86a30028ca2c9945,"[""read(\""user:698664a30026681c2b05\"")"",""update(\""user:698664a30026681c2b05\"")"",""delete(\""user:698664a30026681c2b05\"")""]",2026-02-10T01:15:15.815+00:00,2026-02-10T01:15:15.815+00:00,69856d49001238acbf3e,698664a30026681c2b05,CREATE_EXPENSE,10,transactions,698a86a20011858414af,2026-02-10T01:15:15.652+00:00
698a8b09002ed98c78eb,"[""read(\""user:698664a30026681c2b05\"")"",""update(\""user:698664a30026681c2b05\"")"",""delete(\""user:698664a30026681c2b05\"")""]",2026-02-10T01:34:02.078+00:00,2026-02-10T01:34:02.078+00:00,69856d49001238acbf3e,698664a30026681c2b05,CREATE_BUDGET,20,budgets,698a8b02001a64e33f0f,2026-02-10T01:34:01.749+00:00
698a932600224f61a9c6,"[""read(\""user:69866490001ebcf9b432\"")"",""update(\""user:69866490001ebcf9b432\"")"",""delete(\""user:69866490001ebcf9b432\"")""]",2026-02-10T02:08:38.882+00:00,2026-02-10T02:08:38.882+00:00,69856d49001238acbf3e,69866490001ebcf9b432,LESSON_COMPLETED,50,user_lesson_progress,2,2026-02-10T02:08:38.548+00:00
698a93d9002e1c07c663,"[""read(\""user:69866490001ebcf9b432\"")"",""update(\""user:69866490001ebcf9b432\"")"",""delete(\""user:69866490001ebcf9b432\"")""]",2026-02-10T02:11:37.893+00:00,2026-02-10T02:11:37.893+00:00,69856d49001238acbf3e,69866490001ebcf9b432,CREATE_EXPENSE,10,transactions,698a93d8000c55d2c3a2,2026-02-10T02:11:37.737+00:00
698a9425001c0ed2c77b,"[""read(\""user:69866490001ebcf9b432\"")"",""update(\""user:69866490001ebcf9b432\"")"",""delete(\""user:69866490001ebcf9b432\"")""]",2026-02-10T02:12:53.608+00:00,2026-02-10T02:12:53.608+00:00,69856d49001238acbf3e,69866490001ebcf9b432,CREATE_EXPENSE,10,transactions,698a9424000f502a432d,2026-02-10T02:12:53.448+00:00
698b3f690011deca43ac,"[""read(\""user:698664a80001ecb7e01b\"")"",""update(\""user:698664a80001ecb7e01b\"")"",""delete(\""user:698664a80001ecb7e01b\"")""]",2026-02-10T14:23:37.641+00:00,2026-02-10T14:23:37.641+00:00,69856d49001238acbf3e,698664a80001ecb7e01b,RECOMMENDATION_FOLLOWED,25,pilot_followed,2026-02-09,2026-02-10T14:23:37.285+00:00
698b40b50022e9356668,"[""read(\""user:698664a80001ecb7e01b\"")"",""update(\""user:698664a80001ecb7e01b\"")"",""delete(\""user:698664a80001ecb7e01b\"")""]",2026-02-10T14:29:09.719+00:00,2026-02-10T14:29:09.719+00:00,69856d49001238acbf3e,698664a80001ecb7e01b,LESSON_COMPLETED,50,user_lesson_progress,3,2026-02-10T14:29:09.558+00:00
698b42a600194e51e504,"[""read(\""user:698664a80001ecb7e01b\"")"",""update(\""user:698664a80001ecb7e01b\"")"",""delete(\""user:698664a80001ecb7e01b\"")""]",2026-02-10T14:37:26.843+00:00,2026-02-10T14:37:26.843+00:00,69856d49001238acbf3e,698664a80001ecb7e01b,CREATE_EXPENSE,10,transactions,698b42a4000677a4efe6,2026-02-10T14:37:26.404+00:00
698b42cb002effd62932,"[""read(\""user:698664a80001ecb7e01b\"")"",""update(\""user:698664a80001ecb7e01b\"")"",""delete(\""user:698664a80001ecb7e01b\"")""]",2026-02-10T14:38:03.913+00:00,2026-02-10T14:38:03.913+00:00,69856d49001238acbf3e,698664a80001ecb7e01b,CREATE_EXPENSE,10,transactions,698b42ca0007e7aa54b8,2026-02-10T14:38:03.751+00:00
698b4309001fe3e58636,"[""read(\""user:698664a80001ecb7e01b\"")"",""update(\""user:698664a80001ecb7e01b\"")"",""delete(\""user:698664a80001ecb7e01b\"")""]",2026-02-10T14:39:05.677+00:00,2026-02-10T14:39:05.677+00:00,69856d49001238acbf3e,698664a80001ecb7e01b,CREATE_EXPENSE,10,transactions,698b43070039508a60ea,2026-02-10T14:39:05.509+00:00
698b431d000f069e96eb,"[""read(\""user:698664a80001ecb7e01b\"")"",""update(\""user:698664a80001ecb7e01b\"")"",""delete(\""user:698664a80001ecb7e01b\"")""]",2026-02-10T14:39:25.415+00:00,2026-02-10T14:39:25.415+00:00,69856d49001238acbf3e,698664a80001ecb7e01b,CREATE_EXPENSE,10,transactions,698b431b002cc8f0020d,2026-02-10T14:39:25.240+00:00
698b43ef0016fc63e2b3,"[""read(\""user:698664a80001ecb7e01b\"")"",""update(\""user:698664a80001ecb7e01b\"")"",""delete(\""user:698664a80001ecb7e01b\"")""]",2026-02-10T14:42:55.565+00:00,2026-02-10T14:42:55.565+00:00,69856d49001238acbf3e,698664a80001ecb7e01b,CREATE_EXPENSE,10,transactions,698b43ec001db937db26,2026-02-10T14:42:55.366+00:00
698b4ec800306d5cb37e,"[""read(\""user:698664a80001ecb7e01b\"")"",""update(\""user:698664a80001ecb7e01b\"")"",""delete(\""user:698664a80001ecb7e01b\"")""]",2026-02-10T15:29:13.173+00:00,2026-02-10T15:29:13.173+00:00,69856d49001238acbf3e,698664a80001ecb7e01b,CREATE_INCOME,10,transactions,698b4ec10028edbb7d7e,2026-02-10T15:29:12.774+00:00
698b4ee40020dfb4d5ac,"[""read(\""user:698664a80001ecb7e01b\"")"",""update(\""user:698664a80001ecb7e01b\"")"",""delete(\""user:698664a80001ecb7e01b\"")""]",2026-02-10T15:29:40.729+00:00,2026-02-10T15:29:40.729+00:00,69856d49001238acbf3e,698664a80001ecb7e01b,CREATE_INCOME,10,transactions,698b4ee300098cd7d2c6,2026-02-10T15:29:40.525+00:00
698b5d4d0006ec7e1317,"[""read(\""user:698665b000366a87a2f0\"")"",""update(\""user:698665b000366a87a2f0\"")"",""delete(\""user:698665b000366a87a2f0\"")""]",2026-02-10T16:31:09.509+00:00,2026-02-10T16:31:09.509+00:00,69856d49001238acbf3e,698665b000366a87a2f0,RECOMMENDATION_FOLLOWED,25,pilot_followed,2026-02-09,2026-02-10T16:31:09.110+00:00
698b5e7f00032fdda3f5,"[""read(\""user:698665b000366a87a2f0\"")"",""update(\""user:698665b000366a87a2f0\"")"",""delete(\""user:698665b000366a87a2f0\"")""]",2026-02-10T16:36:15.228+00:00,2026-02-10T16:36:15.228+00:00,69856d49001238acbf3e,698665b000366a87a2f0,LESSON_COMPLETED,50,user_lesson_progress,3,2026-02-10T16:36:15.050+00:00
698b63eb0000eecca14f,"[""read(\""user:698664a30026681c2b05\"")"",""update(\""user:698664a30026681c2b05\"")"",""delete(\""user:698664a30026681c2b05\"")""]",2026-02-10T16:59:23.361+00:00,2026-02-10T16:59:23.361+00:00,69856d49001238acbf3e,698664a30026681c2b05,RECOMMENDATION_FOLLOWED,25,pilot_followed,2026-02-09,2026-02-10T16:59:23.014+00:00
698b652c00086401ae4f,"[""read(\""user:698664a30026681c2b05\"")"",""update(\""user:698664a30026681c2b05\"")"",""delete(\""user:698664a30026681c2b05\"")""]",2026-02-10T17:04:44.255+00:00,2026-02-10T17:04:44.255+00:00,69856d49001238acbf3e,698664a30026681c2b05,LESSON_COMPLETED,50,user_lesson_progress,3,2026-02-10T17:04:44.134+00:00
698b944c00393698fd62,"[""read(\""user:698664a80001ecb7e01b\"")"",""update(\""user:698664a80001ecb7e01b\"")"",""delete(\""user:698664a80001ecb7e01b\"")""]",2026-02-10T20:25:49.286+00:00,2026-02-10T20:25:49.286+00:00,69856d49001238acbf3e,698664a80001ecb7e01b,CREATE_EXPENSE,10,transactions,698b9445003594f1c2a9,2026-02-10T20:25:48.915+00:00
698b947d00089b0a3634,"[""read(\""user:698664a80001ecb7e01b\"")"",""update(\""user:698664a80001ecb7e01b\"")"",""delete(\""user:698664a80001ecb7e01b\"")""]",2026-02-10T20:26:37.298+00:00,2026-02-10T20:26:37.298+00:00,69856d49001238acbf3e,698664a80001ecb7e01b,CREATE_EXPENSE,10,transactions,698b947b001cba395388,2026-02-10T20:26:37.137+00:00
698b94aa0018f89d9e1e,"[""read(\""user:698664a80001ecb7e01b\"")"",""update(\""user:698664a80001ecb7e01b\"")"",""delete(\""user:698664a80001ecb7e01b\"")""]",2026-02-10T20:27:22.567+00:00,2026-02-10T20:27:22.567+00:00,69856d49001238acbf3e,698664a80001ecb7e01b,CREATE_EXPENSE,10,transactions,698b94a80037ae31e35f,2026-02-10T20:27:22.399+00:00
698b95920021cd84a9c2,"[""read(\""user:698664a80001ecb7e01b\"")"",""update(\""user:698664a80001ecb7e01b\"")"",""delete(\""user:698664a80001ecb7e01b\"")""]",2026-02-10T20:31:14.710+00:00,2026-02-10T20:31:14.710+00:00,69856d49001238acbf3e,698664a80001ecb7e01b,CREATE_EXPENSE,10,transactions,698b95900038f242a898,2026-02-10T20:31:14.540+00:00
698b95c60022f2680a65,"[""read(\""user:698664a80001ecb7e01b\"")"",""update(\""user:698664a80001ecb7e01b\"")"",""delete(\""user:698664a80001ecb7e01b\"")""]",2026-02-10T20:32:06.726+00:00,2026-02-10T20:32:06.726+00:00,69856d49001238acbf3e,698664a80001ecb7e01b,CREATE_EXPENSE,10,transactions,698b95c50003e0b91283,2026-02-10T20:32:06.559+00:00
698b95c90034521b7b63,"[""read(\""user:698664a80001ecb7e01b\"")"",""update(\""user:698664a80001ecb7e01b\"")"",""delete(\""user:698664a80001ecb7e01b\"")""]",2026-02-10T20:32:10.004+00:00,2026-02-10T20:32:10.004+00:00,69856d49001238acbf3e,698664a80001ecb7e01b,CRITICAL_DAY_LOGGED,15,pilot_critical_day,2026-02-06,2026-02-10T20:32:09.837+00:00
698b95ec0002651d3e50,"[""read(\""user:698664a80001ecb7e01b\"")"",""update(\""user:698664a80001ecb7e01b\"")"",""delete(\""user:698664a80001ecb7e01b\"")""]",2026-02-10T20:32:44.240+00:00,2026-02-10T20:32:44.240+00:00,69856d49001238acbf3e,698664a80001ecb7e01b,CREATE_EXPENSE,10,transactions,698b95ea0020b0329701,2026-02-10T20:32:44.038+00:00
698ba2cb00343f9c3fac,"[""read(\""user:698664a80001ecb7e01b\"")"",""update(\""user:698664a80001ecb7e01b\"")"",""delete(\""user:698664a80001ecb7e01b\"")""]",2026-02-10T21:27:40.333+00:00,2026-02-10T21:27:40.333+00:00,69856d49001238acbf3e,698664a80001ecb7e01b,CREATE_EXPENSE,10,transactions,698ba2c5000ff037a3bd,2026-02-10T21:27:39.835+00:00
698ba2cf0013bd3d88bc,"[""read(\""user:698664a80001ecb7e01b\"")"",""update(\""user:698664a80001ecb7e01b\"")"",""delete(\""user:698664a80001ecb7e01b\"")""]",2026-02-10T21:27:43.479+00:00,2026-02-10T21:27:43.479+00:00,69856d49001238acbf3e,698664a80001ecb7e01b,CRITICAL_DAY_LOGGED,15,pilot_critical_day,2026-02-09,2026-02-10T21:27:43.315+00:00
698c8c660019fcdcb82c,"[""read(\""user:698664a30026681c2b05\"")"",""update(\""user:698664a30026681c2b05\"")"",""delete(\""user:698664a30026681c2b05\"")""]",2026-02-11T14:04:22.762+00:00,2026-02-11T14:04:22.762+00:00,69856d49001238acbf3e,698664a30026681c2b05,RECOMMENDATION_FOLLOWED,25,pilot_followed,2026-02-10,2026-02-11T14:04:22.415+00:00
698c9fe40006e458c47e,"[""read(\""user:698664a80001ecb7e01b\"")"",""update(\""user:698664a80001ecb7e01b\"")"",""delete(\""user:698664a80001ecb7e01b\"")""]",2026-02-11T15:27:32.497+00:00,2026-02-11T15:27:32.497+00:00,69856d49001238acbf3e,698664a80001ecb7e01b,LESSON_COMPLETED,50,user_lesson_progress,4,2026-02-11T15:27:32.110+00:00
698caacc0017a2288e89,"[""read(\""user:698665b000366a87a2f0\"")"",""update(\""user:698665b000366a87a2f0\"")"",""delete(\""user:698665b000366a87a2f0\"")""]",2026-02-11T16:14:04.753+00:00,2026-02-11T16:14:04.753+00:00,69856d49001238acbf3e,698665b000366a87a2f0,RECOMMENDATION_FOLLOWED,25,pilot_followed,2026-02-10,2026-02-11T16:14:04.377+00:00
698caba200326f8333a1,"[""read(\""user:698665b000366a87a2f0\"")"",""update(\""user:698665b000366a87a2f0\"")"",""delete(\""user:698665b000366a87a2f0\"")""]",2026-02-11T16:17:38.979+00:00,2026-02-11T16:17:38.979+00:00,69856d49001238acbf3e,698665b000366a87a2f0,LESSON_COMPLETED,50,user_lesson_progress,4,2026-02-11T16:17:38.805+00:00
698cdb5e003c59606c2c,"[""read(\""user:698665b000366a87a2f0\"")"",""update(\""user:698665b000366a87a2f0\"")"",""delete(\""user:698665b000366a87a2f0\"")""]",2026-02-11T19:41:19.324+00:00,2026-02-11T19:41:19.324+00:00,69856d49001238acbf3e,698665b000366a87a2f0,CREATE_INCOME,10,transactions,698cdb59001849b518b2,2026-02-11T19:41:18.965+00:00
698cdb8b0016eb3ebf29,"[""read(\""user:698665b000366a87a2f0\"")"",""update(\""user:698665b000366a87a2f0\"")"",""delete(\""user:698665b000366a87a2f0\"")""]",2026-02-11T19:42:03.543+00:00,2026-02-11T19:42:03.543+00:00,69856d49001238acbf3e,698665b000366a87a2f0,CREATE_EXPENSE,10,transactions,698cdb8a000135300b2d,2026-02-11T19:42:03.366+00:00
698cdba4000c38c11f3f,"[""read(\""user:698665b000366a87a2f0\"")"",""update(\""user:698665b000366a87a2f0\"")"",""delete(\""user:698665b000366a87a2f0\"")""]",2026-02-11T19:42:28.372+00:00,2026-02-11T19:42:28.372+00:00,69856d49001238acbf3e,698665b000366a87a2f0,CREATE_EXPENSE,10,transactions,698cdba30000e63902ba,2026-02-11T19:42:28.195+00:00
698cdbcf001d51629c99,"[""read(\""user:698665b000366a87a2f0\"")"",""update(\""user:698665b000366a87a2f0\"")"",""delete(\""user:698665b000366a87a2f0\"")""]",2026-02-11T19:43:11.651+00:00,2026-02-11T19:43:11.651+00:00,69856d49001238acbf3e,698665b000366a87a2f0,CREATE_EXPENSE,10,transactions,698cdbce001888643659,2026-02-11T19:43:11.469+00:00
698cdbd1001e8f768dfe,"[""read(\""user:698665b000366a87a2f0\"")"",""update(\""user:698665b000366a87a2f0\"")"",""delete(\""user:698665b000366a87a2f0\"")""]",2026-02-11T19:43:13.653+00:00,2026-02-11T19:43:13.653+00:00,69856d49001238acbf3e,698665b000366a87a2f0,CRITICAL_DAY_LOGGED,15,pilot_critical_day,2026-02-11,2026-02-11T19:43:13.488+00:00
698cdc1f0027297d8bfd,"[""read(\""user:698665b000366a87a2f0\"")"",""update(\""user:698665b000366a87a2f0\"")"",""delete(\""user:698665b000366a87a2f0\"")""]",2026-02-11T19:44:31.886+00:00,2026-02-11T19:44:31.886+00:00,69856d49001238acbf3e,698665b000366a87a2f0,CREATE_EXPENSE,10,transactions,698cdc1e00185fd4e922,2026-02-11T19:44:31.626+00:00
698cdc5300357cbceccd,"[""read(\""user:698665b000366a87a2f0\"")"",""update(\""user:698665b000366a87a2f0\"")"",""delete(\""user:698665b000366a87a2f0\"")""]",2026-02-11T19:45:24.055+00:00,2026-02-11T19:45:24.055+00:00,69856d49001238acbf3e,698665b000366a87a2f0,CREATE_BUDGET,20,budgets,698cdc51001af7417b4d,2026-02-11T19:45:23.855+00:00
698cdcc40005a35f7a5a,"[""read(\""user:698665b000366a87a2f0\"")"",""update(\""user:698665b000366a87a2f0\"")"",""delete(\""user:698665b000366a87a2f0\"")""]",2026-02-11T19:47:16.277+00:00,2026-02-11T19:47:16.277+00:00,69856d49001238acbf3e,698665b000366a87a2f0,CREATE_ACCOUNT,15,accounts,698cdcc10032b8554306,2026-02-11T19:47:16.090+00:00
698cdd4a0020b129d374,"[""read(\""user:698665b000366a87a2f0\"")"",""update(\""user:698665b000366a87a2f0\"")"",""delete(\""user:698665b000366a87a2f0\"")""]",2026-02-11T19:49:30.700+00:00,2026-02-11T19:49:30.700+00:00,69856d49001238acbf3e,698665b000366a87a2f0,CREATE_INCOME,10,transactions,698cdd49000febeaa020,2026-02-11T19:49:30.523+00:00
698cdd8e000f4e0f8535,"[""read(\""user:698665b000366a87a2f0\"")"",""update(\""user:698665b000366a87a2f0\"")"",""delete(\""user:698665b000366a87a2f0\"")""]",2026-02-11T19:50:38.423+00:00,2026-02-11T19:50:38.423+00:00,69856d49001238acbf3e,698665b000366a87a2f0,CREATE_EXPENSE,10,transactions,698cdd8d0002c950fa7e,2026-02-11T19:50:38.244+00:00
698cddae0028331852b8,"[""read(\""user:698665b000366a87a2f0\"")"",""update(\""user:698665b000366a87a2f0\"")"",""delete(\""user:698665b000366a87a2f0\"")""]",2026-02-11T19:51:10.823+00:00,2026-02-11T19:51:10.823+00:00,69856d49001238acbf3e,698665b000366a87a2f0,CREATE_EXPENSE,10,transactions,698cddad001fcd9c9ecf,2026-02-11T19:51:10.643+00:00
698ceb140026367431b0,"[""read(\""user:69866490001ebcf9b432\"")"",""update(\""user:69866490001ebcf9b432\"")"",""delete(\""user:69866490001ebcf9b432\"")""]",2026-02-11T20:48:20.975+00:00,2026-02-11T20:48:20.975+00:00,69856d49001238acbf3e,69866490001ebcf9b432,LESSON_COMPLETED,50,user_lesson_progress,3,2026-02-11T20:48:20.610+00:00
698ceba50031fe5d4bfd,"[""read(\""user:69866490001ebcf9b432\"")"",""update(\""user:69866490001ebcf9b432\"")"",""delete(\""user:69866490001ebcf9b432\"")""]",2026-02-11T20:50:45.965+00:00,2026-02-11T20:50:45.965+00:00,69856d49001238acbf3e,69866490001ebcf9b432,CREATE_INCOME,10,transactions,698ceba30012b18c593a,2026-02-11T20:50:45.799+00:00
698cebd900194a3f9fe0,"[""read(\""user:69866490001ebcf9b432\"")"",""update(\""user:69866490001ebcf9b432\"")"",""delete(\""user:69866490001ebcf9b432\"")""]",2026-02-11T20:51:37.579+00:00,2026-02-11T20:51:37.579+00:00,69856d49001238acbf3e,69866490001ebcf9b432,CREATE_INCOME,10,transactions,698cebd80000d05b932e,2026-02-11T20:51:37.403+00:00
698ddff4002134f1a323,"[""read(\""user:698664a80001ecb7e01b\"")"",""update(\""user:698664a80001ecb7e01b\"")"",""delete(\""user:698664a80001ecb7e01b\"")""]",2026-02-12T14:13:08.870+00:00,2026-02-12T14:13:08.870+00:00,69856d49001238acbf3e,698664a80001ecb7e01b,LESSON_COMPLETED,50,user_lesson_progress,5,2026-02-12T14:13:08.531+00:00
698de2d7001a9f9f649b,"[""read(\""user:698665b000366a87a2f0\"")"",""update(\""user:698665b000366a87a2f0\"")"",""delete(\""user:698665b000366a87a2f0\"")""]",2026-02-12T14:25:27.976+00:00,2026-02-12T14:25:27.976+00:00,69856d49001238acbf3e,698665b000366a87a2f0,RESCUE,10,pilot_rescue,2026-02-11,2026-02-12T14:25:27.425+00:00
698de3c500269affb720,"[""read(\""user:698665b000366a87a2f0\"")"",""update(\""user:698665b000366a87a2f0\"")"",""delete(\""user:698665b000366a87a2f0\"")""]",2026-02-12T14:29:25.797+00:00,2026-02-12T14:29:25.797+00:00,69856d49001238acbf3e,698665b000366a87a2f0,LESSON_COMPLETED,50,user_lesson_progress,5,2026-02-12T14:29:25.617+00:00
698e448000199b1539b9,"[""read(\""user:69866490001ebcf9b432\"")"",""update(\""user:69866490001ebcf9b432\"")"",""delete(\""user:69866490001ebcf9b432\"")""]",2026-02-12T21:22:08.798+00:00,2026-02-12T21:22:08.798+00:00,69856d49001238acbf3e,69866490001ebcf9b432,LESSON_COMPLETED,50,user_lesson_progress,4,2026-02-12T21:22:08.409+00:00
698e44d80030e6d15267,"[""read(\""user:69866490001ebcf9b432\"")"",""update(\""user:69866490001ebcf9b432\"")"",""delete(\""user:69866490001ebcf9b432\"")""]",2026-02-12T21:23:36.964+00:00,2026-02-12T21:23:36.964+00:00,69856d49001238acbf3e,69866490001ebcf9b432,CREATE_EXPENSE,10,transactions,698e44d6002dfb966e8d,2026-02-12T21:23:36.781+00:00
698e8adb002908ef61ac,"[""read(\""user:69866490001ebcf9b432\"")"",""update(\""user:69866490001ebcf9b432\"")"",""delete(\""user:69866490001ebcf9b432\"")""]",2026-02-13T02:22:20.091+00:00,2026-02-13T02:22:20.091+00:00,69856d49001238acbf3e,69866490001ebcf9b432,CREATE_EXPENSE,10,transactions,698e8ad40005107408d2,2026-02-13T02:22:19.656+00:00
698e9032001135c16ea1,"[""read(\""user:69866490001ebcf9b432\"")"",""update(\""user:69866490001ebcf9b432\"")"",""delete(\""user:69866490001ebcf9b432\"")""]",2026-02-13T02:45:06.708+00:00,2026-02-13T02:45:06.708+00:00,69856d49001238acbf3e,69866490001ebcf9b432,CREATE_INCOME,10,transactions,698e902c000e8a69c6be,2026-02-13T02:45:06.275+00:00
698e94940005d245cdfa,"[""read(\""user:69866490001ebcf9b432\"")"",""update(\""user:69866490001ebcf9b432\"")"",""delete(\""user:69866490001ebcf9b432\"")""]",2026-02-13T03:03:48.440+00:00,2026-02-13T03:03:48.440+00:00,69856d49001238acbf3e,69866490001ebcf9b432,CREATE_EXPENSE,10,transactions,698e948e002557b765be,2026-02-13T03:03:48.093+00:00
698e9cdf003c3cd0c768,"[""read(\""user:698664a80001ecb7e01b\"")"",""update(\""user:698664a80001ecb7e01b\"")"",""delete(\""user:698664a80001ecb7e01b\"")""]",2026-02-13T03:39:12.368+00:00,2026-02-13T03:39:12.368+00:00,69856d49001238acbf3e,698664a80001ecb7e01b,CREATE_EXPENSE,10,transactions,698e9cd8003d7e45f198,2026-02-13T03:39:11.963+00:00
698eafe700171ee5222e,"[""read(\""user:698664a80001ecb7e01b\"")"",""update(\""user:698664a80001ecb7e01b\"")"",""delete(\""user:698664a80001ecb7e01b\"")""]",2026-02-13T05:00:23.853+00:00,2026-02-13T05:00:23.853+00:00,69856d49001238acbf3e,698664a80001ecb7e01b,CREATE_EXPENSE,10,transactions,698eafde0028f2c16fb5,2026-02-13T05:00:23.369+00:00
698eb0d30000619339d1,"[""read(\""user:698664a80001ecb7e01b\"")"",""update(\""user:698664a80001ecb7e01b\"")"",""delete(\""user:698664a80001ecb7e01b\"")""]",2026-02-13T05:04:19.184+00:00,2026-02-13T05:04:19.184+00:00,69856d49001238acbf3e,698664a80001ecb7e01b,CREATE_EXPENSE,10,transactions,698eb0d1002fa8970a35,2026-02-13T05:04:19.006+00:00
698f365e000a149df4b2,"[""read(\""user:698665b000366a87a2f0\"")"",""update(\""user:698665b000366a87a2f0\"")"",""delete(\""user:698665b000366a87a2f0\"")""]",2026-02-13T14:34:06.518+00:00,2026-02-13T14:34:06.518+00:00,69856d49001238acbf3e,698665b000366a87a2f0,LESSON_COMPLETED,50,user_lesson_progress,6,2026-02-13T14:34:06.161+00:00
698f37ba001dca112490,"[""read(\""user:698664a80001ecb7e01b\"")"",""update(\""user:698664a80001ecb7e01b\"")"",""delete(\""user:698664a80001ecb7e01b\"")""]",2026-02-13T14:39:54.818+00:00,2026-02-13T14:39:54.818+00:00,69856d49001238acbf3e,698664a80001ecb7e01b,LESSON_COMPLETED,50,user_lesson_progress,6,2026-02-13T14:39:54.476+00:00
698f91da000b2821a0a5,"[""read(\""user:698664a80001ecb7e01b\"")"",""update(\""user:698664a80001ecb7e01b\"")"",""delete(\""user:698664a80001ecb7e01b\"")""]",2026-02-13T21:04:26.496+00:00,2026-02-13T21:04:26.496+00:00,69856d49001238acbf3e,698664a80001ecb7e01b,CREATE_EXPENSE,10,transactions,698f91d3001b7a275e0e,2026-02-13T21:04:26.178+00:00
698fca100033ba5a736d,"[""read(\""user:698664a80001ecb7e01b\"")"",""update(\""user:698664a80001ecb7e01b\"")"",""delete(\""user:698664a80001ecb7e01b\"")""]",2026-02-14T01:04:17.187+00:00,2026-02-14T01:04:17.187+00:00,69856d49001238acbf3e,698664a80001ecb7e01b,CREATE_INCOME,10,transactions,698fc9f00036424c7d4a,2026-02-14T01:04:16.827+00:00
698fcab20010e0466ee7,"[""read(\""user:698664a80001ecb7e01b\"")"",""update(\""user:698664a80001ecb7e01b\"")"",""delete(\""user:698664a80001ecb7e01b\"")""]",2026-02-14T01:06:58.420+00:00,2026-02-14T01:06:58.420+00:00,69856d49001238acbf3e,698664a80001ecb7e01b,CREATE_CATEGORY,15,categories,698fcaaa003357bc99d1,2026-02-14T01:06:58.270+00:00
698fcab2001f3b29e175,"[""read(\""user:698664a80001ecb7e01b\"")"",""update(\""user:698664a80001ecb7e01b\"")"",""delete(\""user:698664a80001ecb7e01b\"")""]",2026-02-14T01:06:58.671+00:00,2026-02-14T01:06:58.671+00:00,69856d49001238acbf3e,698664a80001ecb7e01b,CREATE_CATEGORY,15,categories,698fcaad002f59c31454,2026-02-14T01:06:58.498+00:00
698fcab3003d6f3b3480,"[""read(\""user:698664a80001ecb7e01b\"")"",""update(\""user:698664a80001ecb7e01b\"")"",""delete(\""user:698664a80001ecb7e01b\"")""]",2026-02-14T01:07:00.130+00:00,2026-02-14T01:07:00.130+00:00,69856d49001238acbf3e,698664a80001ecb7e01b,CREATE_CATEGORY,15,categories,698fcab20035f83aba73,2026-02-14T01:06:59.982+00:00
698fcac9001d244edd30,"[""read(\""user:698664a80001ecb7e01b\"")"",""update(\""user:698664a80001ecb7e01b\"")"",""delete(\""user:698664a80001ecb7e01b\"")""]",2026-02-14T01:07:21.619+00:00,2026-02-14T01:07:21.619+00:00,69856d49001238acbf3e,698664a80001ecb7e01b,CREATE_EXPENSE,10,transactions,698fcac700332204d414,2026-02-14T01:07:21.466+00:00
6990a24f00305a149db3,"[""read(\""user:69866490001ebcf9b432\"")"",""update(\""user:69866490001ebcf9b432\"")"",""delete(\""user:69866490001ebcf9b432\"")""]",2026-02-14T16:26:56.141+00:00,2026-02-14T16:26:56.141+00:00,69856d49001238acbf3e,69866490001ebcf9b432,CREATE_EXPENSE,10,transactions,6990a249002e1d3400d6,2026-02-14T16:26:55.773+00:00
6990a2e100187a39a607,"[""read(\""user:69866490001ebcf9b432\"")"",""update(\""user:69866490001ebcf9b432\"")"",""delete(\""user:69866490001ebcf9b432\"")""]",2026-02-14T16:29:21.546+00:00,2026-02-14T16:29:21.546+00:00,69856d49001238acbf3e,69866490001ebcf9b432,LESSON_COMPLETED,50,user_lesson_progress,5,2026-02-14T16:29:21.391+00:00
6990d8480011114bfa3b,"[""read(\""user:69866490001ebcf9b432\"")"",""update(\""user:69866490001ebcf9b432\"")"",""delete(\""user:69866490001ebcf9b432\"")""]",2026-02-14T20:17:12.612+00:00,2026-02-14T20:17:12.612+00:00,69856d49001238acbf3e,69866490001ebcf9b432,CREATE_INCOME,10,transactions,6990d8420011a8206afb,2026-02-14T20:17:12.273+00:00
6990e908000559ef568d,"[""read(\""user:698664a30026681c2b05\"")"",""update(\""user:698664a30026681c2b05\"")"",""delete(\""user:698664a30026681c2b05\"")""]",2026-02-14T21:28:40.401+00:00,2026-02-14T21:28:40.401+00:00,69856d49001238acbf3e,698664a30026681c2b05,CREATE_INCOME,10,transactions,6990e901003983c0ad4f,2026-02-14T21:28:40.085+00:00
6990e936003d71fc74b3,"[""read(\""user:698664a30026681c2b05\"")"",""update(\""user:698664a30026681c2b05\"")"",""delete(\""user:698664a30026681c2b05\"")""]",2026-02-14T21:29:27.244+00:00,2026-02-14T21:29:27.244+00:00,69856d49001238acbf3e,698664a30026681c2b05,CREATE_EXPENSE,10,transactions,6990e935001057b00c4c,2026-02-14T21:29:26.983+00:00
6990e93900153211e4bd,"[""read(\""user:698664a30026681c2b05\"")"",""update(\""user:698664a30026681c2b05\"")"",""delete(\""user:698664a30026681c2b05\"")""]",2026-02-14T21:29:29.499+00:00,2026-02-14T21:29:29.499+00:00,69856d49001238acbf3e,698664a30026681c2b05,CRITICAL_DAY_LOGGED,15,pilot_critical_day,2026-02-14,2026-02-14T21:29:29.339+00:00
6990e95b000f49100775,"[""read(\""user:698664a30026681c2b05\"")"",""update(\""user:698664a30026681c2b05\"")"",""delete(\""user:698664a30026681c2b05\"")""]",2026-02-14T21:30:03.512+00:00,2026-02-14T21:30:03.512+00:00,69856d49001238acbf3e,698664a30026681c2b05,CREATE_EXPENSE,10,transactions,6990e959003a738f840b,2026-02-14T21:30:03.244+00:00
6990e9b0002156dc3546,"[""read(\""user:698664a30026681c2b05\"")"",""update(\""user:698664a30026681c2b05\"")"",""delete(\""user:698664a30026681c2b05\"")""]",2026-02-14T21:31:28.687+00:00,2026-02-14T21:31:28.687+00:00,69856d49001238acbf3e,698664a30026681c2b05,CREATE_EXPENSE,10,transactions,6990e9ae0039e306c45b,2026-02-14T21:31:28.533+00:00
69915e04001810dfd70d,"[""read(\""user:6986666f003860cab686\"")"",""update(\""user:6986666f003860cab686\"")"",""delete(\""user:6986666f003860cab686\"")""]",2026-02-15T05:47:48.834+00:00,2026-02-15T05:47:48.834+00:00,69856d49001238acbf3e,6986666f003860cab686,LESSON_COMPLETED,50,user_lesson_progress,1,2026-02-15T05:47:48.385+00:00
699205d1002a6f9cc729,"[""read(\""user:698664a80001ecb7e01b\"")"",""update(\""user:698664a80001ecb7e01b\"")"",""delete(\""user:698664a80001ecb7e01b\"")""]",2026-02-15T17:43:46.198+00:00,2026-02-15T17:43:46.198+00:00,69856d49001238acbf3e,698664a80001ecb7e01b,CREATE_EXPENSE,10,transactions,699205c9003a9f668566,2026-02-15T17:43:45.678+00:00
699205f00031bd5b8855,"[""read(\""user:698664a80001ecb7e01b\"")"",""update(\""user:698664a80001ecb7e01b\"")"",""delete(\""user:698664a80001ecb7e01b\"")""]",2026-02-15T17:44:16.995+00:00,2026-02-15T17:44:16.995+00:00,69856d49001238acbf3e,698664a80001ecb7e01b,CREATE_EXPENSE,10,transactions,699205ee0031da31076e,2026-02-15T17:44:16.795+00:00
699215f9000d56e0f0c1,"[""read(\""user:6986666f003860cab686\"")"",""update(\""user:6986666f003860cab686\"")"",""delete(\""user:6986666f003860cab686\"")""]",2026-02-15T18:52:41.823+00:00,2026-02-15T18:52:41.823+00:00,69856d49001238acbf3e,6986666f003860cab686,RECOMMENDATION_FOLLOWED,25,pilot_followed,2026-02-14,2026-02-15T18:52:41.213+00:00
